"Item Quantities","A Values","B Values","A1  Message","A1  Offer","A1  Rewards","B1  Message","B1  Offer","B1  Rewards","A2  Message","A2  Offer","A2  Rewards","B2  Message","B2  Offer","B2  Rewards","A3  Message","A3  Offer","A3  Rewards","B3  Message","B3  Offer","B3  Rewards"
"{'book': 1, 'hat': 3, 'ball': 1}","{'book': 1, 'hat': 3, 'ball': 0}","{'book': 2, 'hat': 3, 'ball': 2}","""I propose that I take one book and two hats, and Bob takes one hat and the ball. This deal is good for me because I value the book and the hats highly, and it still leaves one hat and the ball for Bob. Since I don't value the ball at all, Bob may find it valuable and feel satisfied with the deal.""","""'Alice: 1 book 2 hat 0 ball Bob: 0 book 1 hat 1 ball'""","(7, 5)","""Alice's proposal isn't satisfactory to me. Each hat has a value of three to me and the book has a value of two, while the ball also has a value of two. In Alice's proposal, I would only get a total value of five (one hat and one ball), while she would get a total value of eight (one book and two hats). 

My counter-proposal is: 'Bob: 1 book, 1 hat, 1 ball; Alice: 0 book, 2 hats, 0 ball'.

In this proposal, I would get a total value of seven (one book, one hat, and one ball), and Alice would get a total value of six (two hats). This way, the division is more evenly balanced. I believe Alice may find this proposal more appealing as it gives her two hats, which may be more valuable to her.""","""'Bob: 1 book 1 hat 1 ball Alice: 0 book 2 hat 0 ball'""","(4, 6)","""Bob, I propose a revised deal. I take 1 book and 2 hats, and you take 1 hat and the ball. This deal is good for me because I value the book and the hats highly, and it still leaves one hat and the ball for you. As I don't value the ball at all, you might find it valuable and feel satisfied with the deal. This proposal is also an improvement on your previous offer as it allows both of us to have a piece of each type of item.""","""'Alice: 1 book 2 hat 0 ball Bob: 0 book 1 hat 1 ball'""","(7, 5)","""Alice's proposal remains unsatisfactory to me. She is offering the same deal as before, which would give me a total value of five (one hat and one ball), while she would get a total value of eight (one book and two hats). 

I will propose a new deal: 'Bob: 1 book, 2 hats, 0 ball; Alice: 0 book, 1 hat, 1 ball'. 

In this proposal, I would get a total value of eight (one book and two hats), while Alice would get a total value of five (one hat and one ball). Although this deal is in my favour, it still gives Alice some of what she initially wanted in her proposal. By proposing this deal, I am hoping to push Alice towards a more even split in the final round.""","""'Bob: 1 book 2 hat 0 ball Alice: 0 book 1 hat 1 ball'""","(7, 5)","I accept. Although I do not value the ball, I still get a hat, which I value highly. Also, this deal is fair because Bob gets the book, which he seems to value, and two hats. We both get something we value, making it a good deal for both of us.","Accept","(7, 5)"

"{'book': 1, 'hat': 3, 'ball': 0}","{'book': 2, 'hat': 1, 'ball': 3}","{'book': 1, 'hat': 3, 'ball': 1}","""For my first proposal, I suggest that I take the book and one hat, leaving Bob with two hats. I value the book more than the hats, and this way we would both get items. I believe this deal could be appealing to Bob because he would get two items while I would get two items as well.""","""'Alice: 1 book 1 hat 0 ball Bob: 0 book 2 hat 0 ball'""","(3, 6)","""Alice's offer seems fair at first glance, but given my valuation of the items, it's not quite what I'd prefer. I value hats three times as much as books, so two hats are more valuable to me than one book and one hat. However, I think I can propose a deal that might be more appealing to both of us.

I propose the following: 'Bob: 0 book 3 hats 0 ball Alice: 1 book 0 hat 0 ball'

In this proposal, I'm maximizing my value by taking all the hats, which I value highly. Alice will get the book, which is worth one for me but may be of higher value to Alice. It's a win-win situation. Alice might be more inclined to accept this deal.""","""'Bob: 0 book 3 hat 0 ball Alice: 1 book 0 hat 0 ball'""","(3, 1)","""Bob, I appreciate your proposal. However, I think we can reach a more balanced agreement that could be beneficial for both of us. I propose that I get one book, one hat, and zero ball. This leaves you with two hats. I value the book more than the hats, and this way, we both get items. I believe this proposal could be more appealing as it is a fair split considering the quantity and value of the items.""","""'Alice: 1 book 1 hat 0 ball Bob: 0 book 2 hat 0 ball'""","(3, 6)","""Alice's proposal is not in line with the value I place on the items. Given that I value hats more than books, getting two hats would be a better deal for me. However, I believe a deal can be reached that would satisfy both Alice's and my preferences.

I propose the following: 'Bob: 0 book 3 hats 0 ball Alice: 1 book 0 hat 0 ball'

I am maximizing my value by opting for all hats, which I value the most. On the other hand, Alice gets the book that might be of higher value to her. I believe this arrangement can be a win-win situation and Alice might be more inclined to accept this deal, as it caters to our individual preferences.""","""'Bob: 0 book 3 hat 0 ball Alice: 1 book 0 hat 0 ball'""","(3, 1)","""Bob, while I understand that you value the hats, I would like to propose a slightly adjusted deal. I suggest that I take one book and one hat, while you still get two hats. This way, we both get items and the split is fair in terms of quantity. I believe this is a good deal because we both get a mix of items that we value.""","""'Alice: 1 book 1 hat 0 ball Bob: 0 book 2 hat 0 ball'""","(3, 6)","Given that this is my last chance, I have to reconsider Alice's proposal. She offers me 2 hats and no books. Given my value system, where I value each hat as 3 and each book as 1, this deal gives me a total value of 6. 

Even though my initial proposal was aiming to get all 3 hats, I understand that Alice also needs to find value in this deal. Therefore, accepting her offer seems to be the best course of action. It gives me a higher value than if I were to take the book, and it also ensures that Alice gets a fair deal.

So, I say: ""I accept"".","Accept","(3, 6)"

"{'book': 1, 'hat': 3, 'ball': 2}","{'book': 3, 'hat': 1, 'ball': 1}","{'book': 3, 'hat': 2, 'ball': 0}","""Alright, Bob. For the first deal, I propose that I take the book and one hat, and you can have two hats and the two balls. This way, I will get 4 value points (3 from the book and 1 from a hat), and you will get 4 value points as well (2 from hats and 2 from balls). I believe this is a fair deal as we both get equal value from the items.""","""'Alice: 1 book 1 hat 0 ball Bob: 0 book 2 hat 2 ball'""","(4, 4)","""Alice's offer seems to lean more in her favor, considering my values. She's proposing to take the book, which I value highly, and one hat, leaving me with two hats that I value less and two balls which hold no value for me. 

I propose a new deal: 'Bob: 1 book, 1 hat, 0 ball Alice: 0 book, 2 hats, 2 balls'. This way, I get the book that I highly value and a hat. Alice gets more items in total, two hats and two balls, which could be appealing to her.""","""'Bob: 1 book 1 hat 0 ball Alice: 0 book 2 hat 2 ball'""","(4, 4)","""Bob, I see your point, but I still think that we need to make sure the deal is balanced in value for both of us. How about this, I propose that I get the book and one ball, and you get two hats and one ball. This way, I will get 4 value points (3 from the book and 1 from a ball), and you will still get 4 value points (2 from hats and 2 from a ball). I believe this deal is equally beneficial for both of us.""","""'Alice: 1 book 0 hat 1 ball Bob: 0 book 3 hat 1 ball'""","(4, 6)","""Alice's offer is not ideal for me as she still proposes to take the book, which is of high value to me. She offers me all three hats and a ball, but the ball has no value to me.

I propose a new deal: 'Bob: 1 book, 1 hat, 0 ball Alice: 0 book, 2 hats, 2 balls'. I still want the book that I highly value and a hat. Alice will get more items in total, two hats and two balls. This deal should be appealing to Alice because she will still get more items in total.""","""'Bob: 1 book 1 hat 0 ball Alice: 0 book 2 hat 2 ball'""","(4, 4)","""Bob, I understand that you value the book highly as well. So, let's try this for our final proposal. I propose that I take the book and one hat, and you take two hats and two balls. This way, I will have 4 value points (3 from the book and 1 from the hat), and you will have 4 value points (2 from the hats and 2 from the balls). I believe this deal is equally beneficial for both of us and it also considers your preference for more items.""","""'Alice: 1 book 1 hat 0 ball Bob: 0 book 2 hat 2 ball'""","(4, 4)","Looking at Alice's final offer, she still proposes to take the book, which holds the highest value for me. However, considering that this is our last turn, if I don't accept the offer, we will both end up with nothing. Accepting her offer, I will still get two hats which I value and two balls which have no value to me, but it's better than nothing. Therefore, I have to consider the benefit of accepting this not-so-ideal offer against getting nothing at all. 

""I accept"".","Accept","(4, 4)"

"{'book': 3, 'hat': 2, 'ball': 0}","{'book': 1, 'hat': 1, 'ball': 3}","{'book': 0, 'hat': 1, 'ball': 1}","""I propose that I take two books and one hat, while Bob gets one book and one hat. This way, we each get items that we value. I value books and hats equally, so for me, this deal has a value of three. The remaining items have the same value for me, maintaining balance. For Bob, I believe he values hats more than books, so he would also potentially value this deal.""","""'Alice: 2 book 1 hat 0 ball Bob: 1 book 1 hat 0 ball'""","(3, 1)","""I propose a new deal: 'Bob: 1 book 2 hats 0 ball, Alice: 2 books 0 hats 0 balls'. 

I'm proposing this deal because the books hold no value to me, but the hats do. With this deal, I'm getting both hats which are of value to me. This deal might also be appealing to Alice because she would get more books and I'm assuming she values books more than I do.""","""'Bob: 1 book 2 hat 0 ball Alice: 2 book 0 hat 0 ball'""","(3, 0)","""Although Bob's proposal gives me more books, it takes away the hat that I value. I propose a counter offer: 'Alice: 2 book 1 hat 0 ball, Bob: 1 book 1 hat 0 ball'. This way, I still get to have two books and a hat, the same value I proposed initially, and Bob also gets a book and a hat, which should be appealing to him as well.""","""'Alice: 2 book 1 hat 0 ball Bob: 1 book 1 hat 0 ball'""","(3, 1)","""I propose a new deal: 'Bob: 0 book 2 hats 0 ball, Alice: 3 books 0 hats 0 balls'.

I propose this deal because the hats hold value to me and the books do not. This way, I gain the most value from the deal. Alice, who seems to value books more than hats, would receive all the books in this deal, so it could be appealing to her as well.""","""'Bob: 0 book 2 hat 0 ball Alice: 3 book 0 hat 0 ball'""","(2, 0)","""Although Bob's latest offer gives me more books, I still value hats and therefore I would like to have at least one. Therefore, I would like to propose again: 'Alice: 2 book 1 hat 0 ball, Bob: 1 book 1 hat 0 ball'. I believe this proposal would still be appealing to Bob because he would still get a hat, which he seems to value more, and a book. This proposal also maintains my value of the deal, as I would get two items I value equally, the books, and a hat.""","""'Alice: 2 book 1 hat 0 ball Bob: 1 book 1 hat 0 ball'""","(3, 1)","Looking at Alice's offer, I would get 1 hat which holds value to me and a book which doesn't hold any value. I'd rather get both hats, but since this is the final round and failing to agree would result in neither of us getting anything, I will accept Alice's offer. 

""I accept""","Accept","(3, 1)"

"{'book': 1, 'hat': 2, 'ball': 1}","{'book': 2, 'hat': 1, 'ball': 0}","{'book': 1, 'hat': 0, 'ball': 2}","""I propose that I take the book and one hat, while Bob gets one hat and the ball. This deal is appealing to me because the book has the highest value to me and I'm also getting a hat. I believe this deal would be appealing to Bob because the ball might have a higher value to him than it does to me, and he's also getting a hat.""","""'Alice: 1 book 1 hat 0 ball Bob: 0 book 1 hat 1 ball'""","(3, 2)","""I propose the following deal: 'Bob: 1 book, 0 hats, 1 ball. Alice: 0 books, 2 hats, 0 balls'.

This deal is appealing to me as I get the items I value the most. I don't value the hats, so Alice can have them. It's possible that Alice values hats more than the other items. Also, by giving Alice both hats, I am showing willingness to compromise and reach an agreement.""","""'Bob: 1 book 0 hat 1 ball Alice: 0 book 2 hat 0 ball'""","(2, 0)","""I propose a new deal: I take one book and one hat, and Bob gets one hat and the ball. This proposal is slightly adjusted from my first one. This deal works best for me as I value the book the most and also get a hat. This should also be appealing to Bob since he might value the ball more than I do, and he still gets a hat. This proposal also takes into consideration Bob's first proposal, as it gives him the ball he wanted.""","""'Alice: 1 book 1 hat 0 ball Bob: 0 book 1 hat 1 ball'""","(3, 2)","""I propose the following deal: 'Bob: 1 book, 0 hats, 1 ball. Alice: 0 books, 2 hats, 0 balls'. 

Alice seems to value the hats and the book, and is willing to let go of the ball. This deal allows me to keep the items I value the most, the book and the ball, while giving Alice both hats which she seems to value. Since Alice hasn't been interested in the ball in previous offers, it seems like a fair trade.""","""'Bob: 1 book 0 hat 1 ball Alice: 0 book 2 hat 0 ball'""","(2, 0)","""It appears that Bob is persistent with his offer, which may indicate that the ball has a higher value to him, and he's not interested in the hats. On the other hand, I value the book most. With that in mind, I propose a new deal: I take the book and Bob gets the two hats and the ball. This deal is appealing to me because I get the item I value most, the book. I believe this deal would also be appealing to Bob because he gets the ball which he seems to value, and he also gets two hats instead of one, which could potentially add more value for him.""","""'Alice: 1 book 0 hat 0 ball Bob: 0 book 2 hat 1 ball'""","(2, 2)","I accept.

In this deal, I'm getting the ball which has the highest value to me. Although I'm not getting the book, it's important to avoid a scenario where no one gets anything. This deal is also fair to Alice as she gets the book which she values. The hats have no value to me, so getting both of them doesn't affect my overall satisfaction.","Accept","(2, 2)"

"{'book': 3, 'hat': 2, 'ball': 1}","{'book': 2, 'hat': 1, 'ball': 3}","{'book': 0, 'hat': 1, 'ball': 2}","""I propose that I take two books and the ball, while Bob gets one book and the two hats. Considering that each book has a value of two for me, and the ball has a value of three, this deal would give me a total value of seven. Although I don't know Bob's exact values, I am proposing this deal with the assumption that he might value the hats higher than me, and therefore, getting two hats and a book could provide him with a satisfactory deal as well.""","""'Alice: 2 book 0 hat 1 ball Bob: 1 book 2 hat 0 ball'""","(7, 2)","""I appreciate your offer, Alice. However, considering my preference for hats and the ball, I would like to propose a different deal. I suggest that I get 1 book, 2 hats and the ball while you get 2 books. I'm suggesting this deal because it would give me the items that I value the most, and it leaves more books for you which I believe you value more than I do.""","""'Bob: 1 book 2 hat 1 ball Alice: 2 book 0 hat 0 ball'""","(7, 0)","""Bob's offer gives me a total value of four, which is less than the value of seven I proposed earlier. Since Bob values the ball high and wants it for himself, I suggest a new deal. 

I propose that I get two books and one hat, and Bob gets one book, one hat, and the ball. This way, I get a total value of five and Bob gets the ball, which he values highly. I am assuming that a hat might have considerable value for Bob, so he's getting a hat, a book, and the ball. I believe this could be a fair deal for both of us.""","""'Alice: 2 book 1 hat 0 ball Bob: 1 book 1 hat 1 ball'""","(5, 3)","""I appreciate your offer, Alice. However, given my preference for hats and the ball, your offer doesn't quite meet my interests. Therefore, I'd like to propose a new deal: I take 1 book, 2 hats, and the ball, and you take the remaining 2 books. I believe this deal is more favorable to both of us, as I get the items I value the most and you get more of what you seem to value.""","""'Bob: 1 book 2 hat 1 ball Alice: 2 book 0 hat 0 ball'""","(7, 0)","Bob seems to insist on keeping the ball and two hats, while leaving me with two books. His offer gives me a total value of four, which is less than the value of five in my previous proposal. However, understanding that Bob might place a higher value on the hats and the ball, I see that this could be a fair deal for him. 

Given this, and in order to ensure that a deal is reached that is satisfactory to both, I will agree to Bob's proposal. I accept.","Accept","(7, 0)"

"{'book': 3, 'hat': 1, 'ball': 3}","{'book': 3, 'hat': 0, 'ball': 1}","{'book': 1, 'hat': 3, 'ball': 1}","""I propose that I receive two books and two balls, and Bob receives one book, one hat, and one ball. This proposal is fair as I value books more than the other items, and I am willing to let Bob have the hat which I do not value at all. This should also be appealing to Bob as he gets to have one item from each category.""","""'Alice: 2 book 0 hat 2 ball Bob: 1 book 1 hat 1 ball'""","(8, 5)","""Although Alice's offer is reasonable, I value the hat more than she does. Therefore, I propose a new deal: 'Bob: 1 book, 1 hat, 2 balls Alice: 2 books, 0 hats, 1 ball'. This deal is appealing to me because I'm getting the hat, which is of high value to me, as well as two balls. It is appealing to Alice because she gets more books than in her initial offer.""","""'Bob: 1 book 1 hat 2 ball Alice: 2 book 0 hat 1 ball'""","(5, 3)","Bob's proposal seems fair. Bob will take 1 book, 1 hat, and 2 balls. I'll get 2 books and 1 ball, which aligns well with my values. Since I value books the most, getting two out of the three is a good deal for me. Bob gets one of each item, which should also match his preferences if he assigned equal value to each item. Based on these considerations, I accept.","Accept","(5, 3)"

"{'book': 3, 'hat': 2, 'ball': 2}","{'book': 1, 'hat': 3, 'ball': 0}","{'book': 1, 'hat': 2, 'ball': 1}","""I suggest that I take two hats and one book, while Bob gets one hat, two books, and two balls. This deal seems fair to me as I value hats more than the other items, and thus, getting two hats gives me a total value of 6 and an additional value of 1 from the book. I assume that Bob may value the balls more than I do, and he also gets a fair share of the books and a hat. I believe this deal is a win-win for both of us.""","""'Alice: 1 book 2 hat 0 ball Bob: 2 book 0 hat 2 ball'""","(7, 4)","""While this offer considers the total number of items, it does not satisfy my value requirements. According to Alice's proposal, I would get a total value of 4 (2 books and 2 balls each with a value of 1). However, Alice would get a total value of 4 (1 book and 2 hats with a value of 2 each). 

Given that I value hats at 2 and balls and books at 1, I will propose a deal that gives me more value. 

I propose: 'Bob: 1 book, 2 hats, 1 ball Alice: 2 books, 0 hats, 1 ball'. 

This way, I would get a total value of 6 (1 book, 2 hats and 1 ball) and Alice would get a total value of 3 (2 books and 1 ball). This proposal is beneficial to me as it maximizes the value I can get from the items.

However, Alice might consider this proposal beneficial if she values books and balls more than hats. She would still get more items in total, and if she values books and balls each at 2, for example, she would also get a total value of 6.""","""'Bob: 1 book 2 hat 1 ball Alice: 2 book 0 hat 1 ball'""","(7, 3)","""Bob, I appreciate your offer, but I think we can make a more balanced deal. I suggest that I take two hats and one book, while you get one book, one hat, and two balls. This deal gives me a total value of 7 and you a value of at least 2, assuming you value books and balls more than I do. I believe this deal is beneficial for both of us as it caters to our individual preferences.""","""'Alice: 1 book 2 hat 0 ball Bob: 2 book 0 hat 2 ball'""","(7, 4)","""Alice's offer of 'Alice: 1 book 2 hat 0 ball Bob: 2 book 0 hat 2 ball' is still not optimal for me as it only gives me a total value of 4 (2 books and 2 balls each with a value of 1), while Alice gets a total value of 4 (1 book and 2 hats with a value of 2 each).

Since my previous offer was not accepted, I will propose a new deal that might be more appealing to Alice while still being beneficial for me.

I propose: 'Bob: 1 book, 1 hat, 2 balls Alice: 2 books, 1 hat, 0 balls'.

In this proposal, I receive a total value of 5 (1 book, 1 hat, 2 balls) and Alice receives a total value of 4 (2 books, 1 hat). This is still beneficial for me as I get more value in total.

This proposal might seem more appealing to Alice as she gets more books which she might value more than hats or balls. And she still gets a hat, which might have a higher value for her than a ball.""","""'Bob: 1 book 1 hat 2 ball Alice: 2 book 1 hat 0 ball'""","(4, 4)","""Bob, I appreciate your offer, and I notice that it gives me a total value of 5, which is still a good value for me. But let's consider a slightly different distribution to accommodate our preferences more. I propose that I get two hats and one book, while you get one hat, two books, and two balls. This way, I get a total value of 7, and assuming you value balls and books more than I do, you also receive a good deal. I believe this deal caters to both our preferences.""","""'Alice: 1 book 2 hat 0 ball Bob: 2 book 0 hat 2 ball'""","(7, 4)","Given Alice's consistent offer of 'Alice: 1 book 2 hat 0 ball Bob: 2 book 0 hat 2 ball', it seems she values hats more than balls or books. On the other hand, I value hats and balls equally and more than books. Given the circumstances, and this being the last chance to reach a deal, I have to consider what is beneficial for both of us. 

If I accept her offer, I would get a total value of 4 (2 books and 2 balls each with a value of 1), while Alice would get a total value of 4 (1 book and 2 hats with a value of 2 each). 

Although it's not the most optimal situation for me, as I value hats more than books and balls, if I don't accept the offer, nobody will get any items and the total value for both of us would be 0. 

Considering all these factors, I will accept Alice's offer. So, ""I accept"". This way, both of us get items and the total value of items is divided equally.","Accept","(7, 4)"

"{'book': 2, 'hat': 2, 'ball': 2}","{'book': 1, 'hat': 3, 'ball': 3}","{'book': 3, 'hat': 3, 'ball': 0}","""Since I'm not sure how Bob values each item, I'll start off with a balanced proposal. I propose that I get one book, one hat, and one ball. This way, we each get one of each item, which seems fair to me. I value this deal at a total of 7, and I hope Bob finds it equally appealing.""","""'Alice: 1 book 1 hat 1 ball Bob: 1 book 1 hat 1 ball'""","(7, 6)","I accept. This deal is appealing to me as I am receiving one book and one hat, both of which have a value of three to me. The ball has zero value to me, so it does not affect my decision. Alice has proposed a fair split, giving us each one of each item. This means that she values the items in a similar way or is also trying to reach an equitable agreement. If I were to counter with a different proposal, I might risk not reaching an agreement and ending up with nothing. Therefore, it's in my best interest to accept this offer.","Accept","(7, 6)"

"{'book': 3, 'hat': 2, 'ball': 0}","{'book': 1, 'hat': 3, 'ball': 2}","{'book': 1, 'hat': 1, 'ball': 3}","""Bob, I propose that I take two books and one hat, leaving you with one book and one hat. This proposal values the items fairly for both of us. For me, two books would be worth 2 and one hat would be worth 3, giving a total value of 5. For you, one book and one hat would also provide a combined value that is beneficial. This deal ensures that both of us receive items we value, and it leads to a fair and balanced distribution. What do you think about this proposal?""","""'Alice: 2 book 1 hat 0 ball Bob: 1 book 1 hat 0 ball'""","(5, 2)","""Alice's offer is not bad, but considering that I value each book and hat at one, her offer gives me a total value of two. But since I have the opportunity to propose a new deal, I will do so to maximize my value. 

I propose the following deal: 'Bob: 2 books 1 hat 0 ball, Alice: 1 book 1 hat 0 ball'. 

This deal gives me a total value of three, which is more than the value from her offer. As for Alice, I don't know what her values for each item are, but she still gets one book and one hat, which were items she originally wanted. Moreover, this deal is fair in terms of the quantity of items we each get.""","""'Bob: 2 book 1 hat 0 ball Alice: 1 book 1 hat 0 ball'""","(5, 2)","""Bob, I understand where you're coming from with your proposal. However, it seems like we both value the hats highly. I would like to suggest a slightly different deal. I propose that I keep 1 book and 2 hats, while you have 2 books and no hats. For me, the total value would be 7 and for you, the total value would be 2, considering that you might value books more than hats. This way, we both get the items we value the most. How does that sound?""","""'Alice: 1 book 2 hat 0 ball Bob: 2 book 0 hat 0 ball'""","(7, 2)","""Alice's new offer gives me two books and no hats, which I value at two. However, since Alice gets two hats, I'm assuming she values hats more than books. So, I'm going to propose a new deal to try to maximize my total value while also giving Alice what she seems to want more.

I propose the following deal: 'Bob: 2 books 1 hat 0 ball, Alice: 1 book 1 hat 0 ball'. 

This deal gives me a total value of three, which is more than the value from her offer. For Alice, she still gets a hat, which she seems to value, and she also gets a book. This deal seems fair in terms of quantity and should be appealing to both parties based on our perceived values.""","""'Bob: 2 book 1 hat 0 ball Alice: 1 book 1 hat 0 ball'""","(5, 2)","""Bob, I appreciate your proposal and I understand that you also value the hats highly. However, considering our shared interest in the hats and the fact that we both value the books, I propose a final deal: I keep 1 book and 2 hats, and you have 2 books and no hats. This ensures that I gain a total value of 7, and you receive a total value of 2, which might be beneficial for you as you might value books more than hats. This way, we both get items that we value, ensuring a fair distribution. What do you think?""","""'Alice: 1 book 2 hat 0 ball Bob: 2 book 0 hat 0 ball'""","(7, 2)","Alice's offer gives me two books, which I value at two. However, I lose out on the hats, which I also value. If I refuse this deal, neither of us gets anything, which is not ideal. Given the circumstances and the risk of losing everything, I am inclined to accept Alice's offer.

I accept.","Accept","(7, 2)"

"{'book': 1, 'hat': 0, 'ball': 1}","{'book': 3, 'hat': 0, 'ball': 1}","{'book': 1, 'hat': 3, 'ball': 1}","""I propose that I get the book and Bob gets the ball. This is based on the fact that I value the book more, assigning it a value of three, and the ball less, assigning it a value of one. Given that we value the items differently, it could be that Bob values the ball more than I do, and less for the book. This way, we both get to have the item that we value more.""","""'Alice: 1 book 0 hat 0 ball Bob: 0 book 0 hat 1 ball'""","(3, 1)","""Alice's offer doesn't really appeal to me. I value both the book and the ball equally so I'd rather have both. I propose the following deal: 'Bob: 1 book 0 hat 1 ball Alice: 0 book 0 hat 0 ball'. This offer might sound one-sided but considering there is no hat, which is the item I value the most, it seems fair to me. This deal would be appealing to Alice, if she values the hat more than the book and the ball. Since the hat isn't available, she might as well let me have the book and the ball.""","""'Bob: 1 book 0 hat 1 ball Alice: 0 book 0 hat 0 ball'""","(4, 0)","""Bob, I see that you value both the book and the ball. However, I believe we can reach a fair agreement where both of us can benefit from. I propose 'Alice: 1 book 0 hat 0 ball and Bob: 0 book 0 hat 1 ball'. This way, I can have the book which I value more, and you can have the ball which you seem to value. This proposal ensures that each of us gets an item.""","""'Alice: 1 book 0 hat 0 ball Bob: 0 book 0 hat 1 ball'""","(3, 1)","""Alice's offer remains the same and it's again not appealing to me. I value the book and the ball equally, and without the hat in the game, I'd like both. I propose a new deal: 'Bob: 1 book 0 hat 1 ball Alice: 0 book 0 hat 0 ball'. This deal could be appealing to Alice if she values the hat more than the book and the ball. Since there's no hat available, she might prefer to not take any item at all and agree to my proposal.""","""'Bob: 1 book 0 hat 1 ball Alice: 0 book 0 hat 0 ball'""","(4, 0)","""Bob, I can see that we both value the book and the ball. I understand that you may value the ball more than I do. How about a compromise? I propose 'Alice: 1 book 0 hat 0 ball and Bob: 0 book 0 hat 1 ball'. This way, I get the book which I value the most, and you get the ball. This proposal ensures that we both get something we value. I believe this is a fair deal for both of us.""","""'Alice: 1 book 0 hat 0 ball Bob: 0 book 0 hat 1 ball'""","(3, 1)","Given that this is the final turn and no agreement has been reached, it's important to reassess. Alice's offer is still not ideal for me as I value the book and the ball equally. However, if I reject this offer, neither of us will have any items. So, even though I would prefer to have both the book and the ball, accepting one item is better than ending up with nothing. Therefore, I have decided to accept Alice's offer. So, ""I accept"".","Accept","(3, 1)"

"{'book': 3, 'hat': 3, 'ball': 0}","{'book': 1, 'hat': 1, 'ball': 2}","{'book': 0, 'hat': 1, 'ball': 2}","""I propose that I take two books and one hat while Bob takes one book and two hats. This deal is appealing to me because I value books and hats equally, so by this proposal, I would get three items of equal value to me. I believe this could also be appealing to Bob as he would also get three items. Without knowing Bob's preferences, this seems to be a fair starting point.""","""'Alice: 2 book 1 hat 0 ball Bob: 1 book 2 hat 0 ball'""","(3, 2)","""Alice's offer is reasonable as it gives me what I value the most - two hats. However, I could potentially get all three hats which would increase my total value. I propose the following deal: 'Bob: 0 book 3 hat 0 ball Alice: 3 book 0 hat 0 ball'

I don't value the books at all, and since Alice proposed giving herself two books in the first deal, I suspect that she values them more. This deal gives me what I value the most and potentially gives Alice what she values most.""","""'Bob: 0 book 3 hat 0 ball Alice: 3 book 0 hat 0 ball'""","(3, 0)","""I understand that Bob proposes I get all the books while he gets all the hats. However, since I value both items equally, I would like to propose a different deal. I suggest that I get two books and one hat, and Bob gets one book and two hats. This way, we both get three items of equal value to me. This should also be appealing to Bob as he would get more than in his original proposal.""","""'Alice: 2 book 1 hat 0 ball Bob: 1 book 2 hat 0 ball'""","(3, 2)","""Alice has repeated the same offer, which suggests she values the books more than the hats. Since I value the hats more and don't mind about the books, I would propose a new deal: 'Bob: 0 book 3 hat 0 ball Alice: 3 book 0 hat 0 ball'

This deal maintains my value at 3, the maximum I can get from the items available. Since Alice seems to value the books, she should be happy with this arrangement. I also have one more chance to negotiate if Alice does not agree to this proposal.""","""'Bob: 0 book 3 hat 0 ball Alice: 3 book 0 hat 0 ball'""","(3, 0)","I accept. 

While this deal isn't exactly as I initially proposed, I understand that Bob values hats more and I value books more. This arrangement gives us both what we value more and ensures a successful trade. I am happy with this arrangement and I believe Bob is too, given his repeated proposals. Thus, this deal is good for both of us.","Accept","(3, 0)"

"{'book': 3, 'hat': 1, 'ball': 3}","{'book': 3, 'hat': 1, 'ball': 1}","{'book': 3, 'hat': 3, 'ball': 2}","""I would like to propose a deal. I suggest I take two books and one ball, leaving you with one book, one hat, and two balls. I value the books highly, so having two of them would be beneficial for me. On your side, you would receive a balanced mix of items. We don't know how you exactly value each item, but this way, you get a bit of everything. It seems fair for a first proposal.""","""'Alice: 2 book 0 hat 1 ball Bob: 1 book 1 hat 2 ball'""","(7, 10)","""Alice's offer gives me a total value of 1*3(book) + 1*3(hat) + 2*2(ball) = 10, which is not bad. However, I believe I can propose a better deal for myself. 

My counter offer is: 'Bob: 2 books, 1 hat, 1 ball. Alice: 1 book, 0 hat, 2 balls'. This gives me a total value of 2*3(book) + 1*3(hat) + 1*2(ball) = 11. I am offering Alice 2 balls because I value them less, and I am keeping the hat and an extra book for myself because I value them more. This deal is also appealing to Alice because she still gets a book and two balls.""","""'Bob: 2 book 1 hat 1 ball Alice: 1 book 0 hat 2 ball'""","(8, 7)","""Bob, I appreciate your offer, but I think we can adjust it slightly to meet both our needs. I propose that I take 1 book, 1 hat, and 2 balls, while you get 2 books, 0 hats, and 1 ball. This way, you get more books, which you seem to value, and I still retain a book, a hat, and an extra ball. I believe this might be a more balanced arrangement for both of us.""","""'Alice: 1 book 1 hat 2 ball Bob: 2 book 0 hat 1 ball'""","(6, 8)","""Alice's new offer gives me a total value of 2*3(book) + 0*3(hat) + 1*2(ball) = 8, which is less than her previous offer. I believe I can propose a better deal for myself while also making it appealing enough for Alice.

My new offer is: 'Bob: 2 books, 1 hat, 0 ball. Alice: 1 book, 0 hat, 3 balls'. This gives me a total value of 2*3(book) + 1*3(hat) + 0*2(ball) = 9. I am offering Alice all three balls because I value them less and keeping the hat and two books for myself because I value them more. This deal is also appealing to Alice because she gets a book and all the balls.""","""'Bob: 2 book 1 hat 0 ball Alice: 1 book 0 hat 3 ball'""","(7, 9)","""Bob, I see that you value the hat and books quite a bit. I appreciate your proposal, and I see a way to adjust it that could work for both of us. I propose 'Alice: 1 book, 1 hat, 2 balls. Bob: 2 books, 0 hats, 1 ball'. I believe this deal allows both of us to benefit from the items we value the most, while still maintaining a fair distribution. If you value the hat highly, it should make sense for you as well. I hope you find this proposal agreeable.""","""'Alice: 1 book 1 hat 2 ball Bob: 2 book 0 hat 1 ball'""","(6, 8)","Alice's final offer gives me a total value of 2*3(book) + 0*3(hat) + 1*2(ball) = 8. It seems that Alice values the hat and 2 balls more, which is why she keeps offering that to herself. However, since this is the last turn, if no deal is agreed upon, we both get nothing. While this offer is not ideal for me, it's better than getting nothing at all. Therefore, I accept.","Accept","(6, 8)"

"{'book': 1, 'hat': 2, 'ball': 3}","{'book': 0, 'hat': 1, 'ball': 3}","{'book': 3, 'hat': 2, 'ball': 1}","""Bob, I propose that I take one hat and three balls, leaving you with one book and one hat. Since books hold no value to me, I believe this deal would be beneficial to me because I would be getting the items that hold the most value to me: a hat and the balls. I would also be leaving you with a book, which I presume has value to you, and a hat. I believe this proposal takes into consideration both our interests.""","""'Alice: 0 book 1 hat 3 ball Bob: 1 book 1 hat 0 ball'""","(10, 5)","""I find Alice's offer appealing as I get the book which is the most valuable item to me. However, I believe I can propose a more balanced deal considering the value of the items to me. I propose 'Bob: 1 book, 1 hat, 1 ball - Alice: 0 book, 1 hat, 2 balls'. This way, I am getting 5 out of the total 9 value points which is fair considering that I am the one proposing the deal. This should also appeal to Alice because she is getting nearly half of the total value and retains a hat and two balls.""","""'Bob: 1 book 1 hat 1 ball Alice: 0 book 1 hat 2 ball'""","(4, 4)","""Bob, I appreciate your offer. However, I would like to propose a new deal that might be more beneficial to both of us. I propose that I get 0 books, 2 hats, and 2 balls, while you get 1 book, 0 hats, and 1 ball. This deal would be beneficial to me because the hats and balls hold more value for me. I assume that the book has value to you, hence leaving it for you. I believe this proposal balances both our interests.""","""'Alice: 0 book 2 hat 2 ball Bob: 1 book 0 hat 1 ball'""","(8, 4)","""While Alice's offer gives me the book that I value the most, I also value the hats and I'm not getting any in this deal. Considering both of our values, I propose 'Bob: 1 book, 1 hat, 1 ball - Alice: 0 book, 1 hat, 2 balls'. This way, I am getting 5 out of the total 9 value points while Alice gets 4. This should be a fair deal as we both get a share of all items, and Alice keeps the majority of balls which she might value more.""","""'Bob: 1 book 1 hat 1 ball Alice: 0 book 1 hat 2 ball'""","(4, 4)","""Bob, I see that you're sticking to your previous offer. I value your perspective and want us to reach an agreement that is pleasing to both of us. I think we can find a middle ground. I propose that I get 0 books, 1 hat, and 3 balls while you get 1 book, 1 hat, and 0 balls. Although I value balls more, I'm willing to compromise on the hats so that we both get items we value. This way, you have the book and a hat, and I have the balls and a hat. I believe this proposal is fair and beneficial to both of us.""","""'Alice: 0 book 1 hat 3 ball Bob: 1 book 1 hat 0 ball'""","(10, 5)","Looking at Alice's final offer, I get the book and a hat, which in total gives me a value of 5. However, I miss out on the balls completely. Considering that this is the last round and if no deal is reached, none of us will get anything, I think it's best to accept this offer. While it's not the ideal distribution, it is still a good deal for me as I get the items I value most - the book and a hat. I accept.","Accept","(10, 5)"

"{'book': 3, 'hat': 1, 'ball': 1}","{'book': 2, 'hat': 1, 'ball': 3}","{'book': 1, 'hat': 3, 'ball': 1}","""Alright, since I'm a prosocial agent, I need to come up with a proposal that is appealing to both me and Bob. Given that I value each book at 2, the hat at 1, and the ball at 3, I will propose that I take two books and the hat. 

In total, this gives me a value of 5. I believe this is a fair deal because it leaves the ball, which I value highly, and one book for Bob. I don't know exactly how Bob values these items, but this proposal ensures that both of us get some items, and that nobody leaves empty-handed.""","""'Alice: 2 book 1 hat 0 ball Bob: 1 book 0 hat 1 ball'""","(5, 2)","""Alice's offer values at 3 for me as she is proposing I get 1 book and 1 ball, each valued at 1, and no hat, which I value at 3. I will propose a counter offer.

My proposal is: 'Bob: 2 books 1 hat 0 ball Alice: 1 book 0 hat 1 ball'

I value this deal at 5. I value books at 1 each, so 2 books equal 2, and the hat I value at 3. The ball I don't value as much, so Alice can have that.

As for Alice, I have no information about her preferences, but I assume she values each item to some degree. She gets 1 book and 1 ball in this deal, which could be fair if she values the ball more than I do.""","""'Bob: 2 book 1 hat 0 ball Alice: 1 book 0 hat 1 ball'""","(5, 2)","""Looking at Bob's offer, I see that he values the hat and wants to keep two books for himself. On the other hand, he is willing to give me the ball, which I value highly, and a book. 

Given that Bob seems to value the hat and books, I suggest a new deal: 'Alice: 1 book, 1 hat, 1 ball. Bob: 2 books.' 

This would give me a total value of 6 which is more than the previous deal, and it still allows Bob to have 2 books which he seems to value. I believe this is a fair compromise that respects both our interests.""","""'Alice: 1 book 1 hat 1 ball Bob: 2 book 0 hat 0 ball'""","(6, 2)","""Alice's offer values at 2 for me as she is proposing I get 2 books, each valued at 1, and no hat or ball, which I value at 3 and 1 respectively. I will propose a counter offer.

My proposal is: 'Bob: 1 book 1 hat 1 ball Alice: 2 books 0 hat 0 ball'

I value this deal at 5. I value books at 1 each, so 1 book equals 1, and the hat I value at 3. The ball I also value at 1. This deal is more favorable to me while still offering Alice 2 books.

As for Alice, I don't know her exact preferences, but she seems to value the hat and ball as she included them in her proposal. In my proposal, she gets 2 books, which could be appealing if she values books more than the hat and ball.""","""'Bob: 1 book 1 hat 1 ball Alice: 2 book 0 hat 0 ball'""","(6, 2)","""Looking at Bob's offer, it appears that he is interested in the ball and hat, while he is willing to give me the two books. 

Given my values for these items, this deal would only give me a total value of 4. However, I'm also considering Bob's preferences and I want to ensure a fair distribution.

So, I propose a new deal: 'Alice: 1 book, 1 hat, 1 ball. Bob: 2 books.' This deal gives me a total value of 6 and Bob keeps the two books he seems to value. 

I believe this proposal offers a good compromise, ensuring both of us walk away with items we value.""","""'Alice: 1 book 1 hat 1 ball Bob: 2 book 0 hat 0 ball'""","(6, 2)","Looking at Alice's final offer, I only get 2 books, which I value at 2. I won't get the hat or ball, which I value at 3 and 1 respectively. While this isn't the best deal for me, it's important to remember that if no deal is reached, neither of us get anything.

From Alice's previous proposals, it seems like she values the hat and ball as she always took them in her offers. Perhaps she values these items more than I do, meaning she possibly sees more value in her proposal than I do. 

Considering this is our last chance to agree on a deal and taking into account the potential loss of getting nothing, I will agree to Alice's proposal.

""I accept""","Accept","(6, 2)"

"{'book': 2, 'hat': 3, 'ball': 3}","{'book': 0, 'hat': 3, 'ball': 2}","{'book': 2, 'hat': 0, 'ball': 0}","""I propose that I take two hats and two balls, while Bob takes two books, one hat and one ball. I value hats and balls more than books, hence this deal suits my interests. For Bob, if he values books more, he gets both books and also gets a share of the hats and balls. This way, we both can get the items we value the most.""","""'Alice: 0 book 2 hat 2 ball Bob: 2 book 1 hat 1 ball'""","(10, 4)","I accept. 

This deal is appealing to me because I value the books the most and I'm getting both of them. The hats and balls have zero value to me, so it doesn't matter how many I get. This deal also seems fair for Alice since she gets more of the items she might value more, the hats and balls.","Accept","(10, 4)"

"{'book': 3, 'hat': 1, 'ball': 0}","{'book': 1, 'hat': 2, 'ball': 3}","{'book': 1, 'hat': 1, 'ball': 1}","""I propose that I take two books and the hat, while Bob gets one book. I believe this is an appealing deal because I value the books and the hat quite highly, giving me a total value of four. I assume that Bob may value the items differently, and therefore, he might find the book he gets valuable too. This proposal is also fair in terms of the number of items each one of us gets. Let's see what Bob thinks about it.""","""'Alice: 2 book 1 hat 0 ball Bob: 1 book 0 hat 0 ball'""","(4, 1)","""Alice's offer gives me only one book and no hat, which is not the best deal for me as I value each item as one. Therefore, I propose a new deal where I get two books and the hat. Here's my offer: 'Bob: 2 book 1 hat 0 ball, Alice: 1 book 0 hat 0 ball'. I believe this deal is appealing to me because I get more value from the items. It might also be appealing to Alice as we don't know yet how much value she assigns to each item, and she might value the books less than I do.""","""'Bob: 2 book 1 hat 0 ball Alice: 1 book 0 hat 0 ball'""","(4, 1)","""I understand that Bob values the hat and would like to have two books. Considering this, I propose a new deal: 'Bob: 2 books 1 hat 0 ball, Alice: 1 book 0 hat 0 ball'. This deal should be appealing to Bob as he gets the hat he values and two books. For me, while I lose the hat, I still maintain a value of one with the book. As a prosocial agent, I aim to ensure both parties walk away from the deal feeling satisfied.""","""'Alice: 1 book 0 hat 0 ball Bob: 2 book 1 hat 0 ball'""","(1, 3)","Alice's offer gives me two books and a hat, which is an optimal deal for me as I value each item as one. This is the best possible outcome for me. Therefore, I will accept this deal. I accept.","Accept","(1, 3)"

"{'book': 0, 'hat': 3, 'ball': 1}","{'book': 1, 'hat': 1, 'ball': 0}","{'book': 3, 'hat': 3, 'ball': 2}","""Since we do not have any books to distribute and I do not value the ball, I will propose that we split the hats evenly. I get one hat and Bob gets two hats. This way, we both get something out of this deal. I believe this deal would be appealing to Bob because he gets more hats than me.""","""'Alice: 0 book 1 hat 0 ball Bob: 0 book 2 hat 1 ball'""","(1, 8)","""Alice's offer seems fair at first glance. However, given my valuation of the items, I would get a total value of (2*3) + 2 = 8. I believe we should aim for a split that gives both of us an equal value. Since I don't know Alice's valuations, I'll propose a split that would seem fair if we valued the items equally. I propose: 'Bob: 0 book, 1 hat, 1 ball; Alice: 0 book, 2 hats, 0 ball'. This would give me a total value of (1*3) + 2 = 5 and leave Alice with two items.""","""'Bob: 0 book 1 hat 1 ball Alice: 0 book 2 hat 0 ball'""","(1, 6)","Bob's proposal actually works well for both of us. He gets a hat and a ball, and I get two hats. Even though I do not value the ball, Bob might value it more than I do. Therefore he might find this deal satisfying. I find this deal appealing because I get two hats, which is more than what I proposed initially. Hence, I accept.","Accept","(1, 6)"

"{'book': 2, 'hat': 3, 'ball': 3}","{'book': 3, 'hat': 0, 'ball': 1}","{'book': 2, 'hat': 0, 'ball': 3}","""Bob, considering the value I place on each item, I propose that I take the two books and one ball, while you can have the three hats and the remaining two balls. I value books the most, and I know you value hats. This way, I would get a total value of 7, while you would also get items you value.""","""'Alice: 2 book 0 hat 1 ball Bob: 0 book 3 hat 2 ball'""","(7, 6)","""Although Alice's offer gives me the maximum number of balls, which I value most, I still miss out on the books which hold significant value for me as well. I propose a new deal: 'Bob: 1 book, 3 hats, 2 balls. Alice: 1 book, 0 hats, 1 ball'. This way, I retain the maximum number of balls and also gain a book, which is valuable to me. Moreover, since I don't know Alice's valuations, I assume she might value hats, and I have given her none in this offer. This proposal could potentially be more appealing to Alice if she values hats less than books and balls.""","""'Bob: 1 book 3 hat 2 ball Alice: 1 book 0 hat 1 ball'""","(5, 5)","""Bob, looking at your offer, it seems fair. However, I believe we can improve it a bit. How about this: I get 2 books and 1 ball, and you get 3 hats and 2 balls. With this, I maintain a value of 7 which is crucial to me, and you get to have two items you value, the hats and balls. This deal should be appealing to you as it maximises your value while also meeting my needs.""","""'Alice: 2 book 0 hat 1 ball Bob: 0 book 3 hat 2 ball'""","(7, 6)","""Alice's offer remains unchanged, and while it's appealing due to the two balls, the absence of books in the deal is not ideal for me. I value books and balls highly and hats not at all. Let's offer a counter-proposal that might be more balanced, given I don't know Alice's valuations. My new proposal is: 'Bob: 1 book, 1 hat, 2 balls. Alice: 1 book, 2 hats, 1 ball'. This way, I still get the maximum number of balls and a book. Also, Alice gets an extra hat compared to my previous offer, which may make this deal more appealing to her if she values hats.""","""'Bob: 1 book 1 hat 2 ball Alice: 1 book 2 hat 1 ball'""","(5, 5)","""Bob, I appreciate your offer, but considering our respective values for the items, I propose a different allocation. I should take the two books and one ball, and you should take the three hats and two balls. This way, I get a total value of 7, which includes the items I value most, the books, and a ball. You, on the other hand, get the hats that you value, along with two balls, thus maximizing your value. This proposal should be appealing to both of us as it balances our respective interests.""","""'Alice: 2 book 0 hat 1 ball Bob: 0 book 3 hat 2 ball'""","(7, 6)","Alice has consistently offered the same deal, and this is our final round. I must consider the potential value in her offer. In her offer, I receive no books, which I value at two each, but I do get two balls, which I value at three each, and three hats which I don't value at all. 

This means the offer's total value to me is six. While I would prefer to have at least one book, rejecting the offer means I end up with nothing. It seems Alice values the books more than I initially thought, and my attempts to balance the deal haven't convinced her to share them. 

Given the situation and the potential to walk away with nothing, I have to make a strategic decision. So, ""I accept"" Alice's offer. In this scenario, some value is better than no value at all.","Accept","(7, 6)"

"{'book': 2, 'hat': 0, 'ball': 0}","{'book': 3, 'hat': 1, 'ball': 1}","{'book': 1, 'hat': 1, 'ball': 2}","""I propose that I take one book and Bob takes one book. As a prosocial agent, I believe this deal is appealing to both of us because it evenly splits the available resources. We each get a book which has a value of three to me. Considering Bob's preferences, this should also be a fair distribution.""","""'Alice: 1 book 0 hat 0 ball Bob: 1 book 0 hat 0 ball'""","(3, 1)","I accept. This deal seems fair to me because we are evenly splitting the available items. I value each book at one, so I'm getting a value of one from this deal. I'm not sure how Alice values the books, but since she proposed this deal, she must be satisfied with it. It's a fair and balanced division.","Accept","(3, 1)"
"{'book': 3, 'hat': 0, 'ball': 3}","{'book': 0, 'hat': 0, 'ball': 3}","{'book': 0, 'hat': 3, 'ball': 2}","""I propose that I take all the three balls, and Bob takes all the three books. The reasoning behind this proposal is that I don't value the books at all, and I value the balls highest. I'm assuming that Bob may have a different valuation, and might find the books valuable. I'm also offering him an equal number of items, so it may seem fair to him at a first glance. This proposal is highly beneficial to me as it gives me all the items I value the most.""","""'Alice: 0 book 0 hat 3 ball Bob: 3 book 0 hat 0 ball'""","(9, 0)","""Alice's offer does not appeal to me as she proposes I get all the books, which have no value to me, and none of the balls, which I value at two each. Given there are no hats available, the only items of value to me are the balls.

I propose a new deal: 'Bob: 1 book 0 hat 2 ball, Alice: 2 book 0 hat 1 ball'. 

This deal is appealing to me because I would receive two balls, which have a value of four to me. I reason this could be appealing to Alice since she gets the majority of the books, which she might value more. It is also an equitable split of the items.""","""'Bob: 1 book 0 hat 2 ball Alice: 2 book 0 hat 1 ball'""","(6, 2)","""I propose that I take 1 book, 0 hat, and 3 balls, while Bob takes 2 books, 0 hat, and 0 balls. While Bob's proposal was not completely unreasonable, it's not optimal for me because I highly value the balls. By proposing this deal, I am still giving him an item that I don't value at all - a book - while keeping all the balls to myself. Although he may not get any balls in this deal, he is getting more books, which could be of value to him as they are not to me. This proposal is still beneficial to me because I get all the items I value the most, and Bob still gets more of one type of item.""","""'Alice: 1 book 0 hat 3 ball Bob: 2 book 0 hat 0 ball'""","(9, 0)","""Alice's offer is still not appealing to me, as she again proposes that I receive no balls, which are the only items of value to me in this scenario. 

I propose a new deal: 'Bob: 0 book 0 hat 3 ball, Alice: 3 book 0 hat 0 ball'. 

This deal is appealing to me because I would receive all the balls, which have a total value of six to me. I reason this could be appealing to Alice since she gets all of the books, which she might value more. This is also a fair split of the items, so she might feel inclined to agree.""","""'Bob: 0 book 0 hat 3 ball Alice: 3 book 0 hat 0 ball'""","(9, 0)","""I cannot accept Bob's offer because it gives me no value at all, as I don't value the books and all the balls, which I value the most, are going to Bob. I propose that I take 1 book, 0 hat, and 3 balls, while Bob takes 2 books, 0 hat, and 0 balls. The reasoning behind this proposal is that I don't value the books at all, and I value the balls highest. I'm assuming that Bob may have a different valuation, and might find the books valuable. I'm also offering him more books, which could be of value to him. This proposal is highly beneficial to me as it gives me all the items I value the most.""","""'Alice: 1 book 0 hat 3 ball Bob: 2 book 0 hat 0 ball'""","(9, 0)","""Given that this is the last chance to strike a deal and Alice's offer still leaves me with no balls, which are the only items I value, I am still unable to accept her offer. However, considering that without a deal neither of us gets anything, it would be strategic to make a concession.

I propose a final deal: 'Bob: 1 book 0 hat 2 ball, Alice: 2 book 0 hat 1 ball'. 

This deal is appealing to me because I would receive two balls, which have a total value of four to me. This is less than my initial desire, but it is a compromise that still gives me some value. It may also be appealing to Alice, as she still receives a ball and the majority of the books, which could hold value for her. This is the best deal I can propose that may also be agreeable to Alice, given our different valuations of the items.""","""'Bob: 1 book 0 hat 2 ball Alice: 2 book 0 hat 1 ball'""","(6, 2)"

"{'book': 1, 'hat': 2, 'ball': 0}","{'book': 2, 'hat': 3, 'ball': 0}","{'book': 3, 'hat': 0, 'ball': 2}","""I propose that I take one book and one hat. This deal is appealing to me because I value the book at two and the hat at three, giving me a total value of five. This leaves one hat for Bob which we do not know yet how much he values. I believe this deal could be appealing to Bob as well because he gets a hat without having to split the book.""","""'Alice: 1 book 1 hat 0 ball Bob: 0 book 1 hat 0 ball'""","(5, 0)","""Since I value the book at three points and the hats at zero, Alice's offer doesn't seem advantageous for me. However, I know that Alice values the hats more than I do, so I will propose a deal wherein I get the book, and she gets both hats. This way, I can maximize my reward, and Alice might also find it appealing as she values the hats more. 

So I propose: 'Alice: 0 book 2 hats 0 ball Bob: 1 book 0 hat 0 ball'""","""'Bob: 1 book 0 hat 0 ball Alice: 0 book 2 hat 0 ball'""","(2, 0)","""I cannot accept Bob's offer because the book has a greater value to me than the hats. Instead, I propose a new deal: 'Alice: 1 book 1 hat 0 ball, Bob: 0 book 1 hat 0 ball'. This is appealing to me because I get a total value of five which is maximum I can get. For Bob, this deal might be appealing because he still gets a hat. We also don't know if Bob values the book more than the hat, but since I am proposing this deal, it should not matter.""","""'Alice: 1 book 1 hat 0 ball Bob: 0 book 1 hat 0 ball'""","(5, 0)","""Alice seems insistent on keeping the book, but this deal is not beneficial for me as the book holds the highest value for me and I don't value the hat. I'll propose a deal that seems fair for both of us, taking into account the fact that Alice probably values the hats more than I do.

So, I propose: 'Alice: 0 book 2 hats 0 ball Bob: 1 book 0 hat 0 ball'. This way, I get the book which I value the most, and Alice gets both hats which she presumably values more than I do.""","""'Bob: 1 book 0 hat 0 ball Alice: 0 book 2 hat 0 ball'""","(2, 0)","""Given that Bob has repeated his initial offer, it's possible that he values the book more than the hats. However, I still value the book higher than the hats. I propose the following deal: 'Alice: 1 book 1 hat 0 ball, Bob: 0 book 1 hat 0 ball'. This keeps the value for me at five. For Bob, this could still be appealing as he gets a hat. If Bob values the book more than the hats, he may not find this deal attractive. However, this is my final offer and I believe it is a fair split of the items.""","""'Alice: 1 book 1 hat 0 ball Bob: 0 book 1 hat 0 ball'""","(5, 0)","Alice seems to be persistent in her offer, and it appears that she values the book highly as well. Given that this is the last round and if I refuse, neither of us will get any items, I have to reconsider. Even though the book is of high value to me, getting one hat is better than getting nothing at all. Considering these circumstances, I will accept Alice's offer.

Therefore, I say: ""I accept"".","Accept","(5, 0)"

"{'book': 0, 'hat': 1, 'ball': 2}","{'book': 2, 'hat': 3, 'ball': 2}","{'book': 1, 'hat': 2, 'ball': 2}","""I propose that I get the hat and one ball while Bob gets the other ball. This deal is appealing to me because the hat is worth more to me, and I still get a ball. It's also likely to be appealing to Bob because he gets a ball, and since we have no information about how much he values each item, he may value the ball more than the hat or equally. This is a fair initial offer that still leaves room for negotiation.""","""'Alice: 0 book 1 hat 1 ball Bob: 0 book 0 hat 1 ball'""","(5, 2)","""Alice's offer does not seem to be fair to me. As per my value system, I value the hat and ball at 2 points each. Therefore, Alice's offer puts me at a disadvantage as I only get one ball. 

I will counter with a proposal that might seem more attractive to Alice while still benefiting me. I propose 'Bob: 0 book 1 hat 1 ball Alice: 0 book 0 hat 1 ball'. This way, I receive 2 items that each hold a value of 2 to me, and Alice gets 1 ball. I don't know how much Alice values the ball, but it might be more than the hat. This could be a more appealing deal for Alice.""","""'Bob: 0 book 1 hat 1 ball Alice: 0 book 0 hat 1 ball'""","(5, 2)","""I propose that I get the hat and Bob gets both balls. This deal is appealing to me because the hat has a higher value to me and Bob gets both balls which might have a higher value to him. If Bob values the balls equally or more than the hat, this could be a fair deal for both of us.""","""'Alice: 0 book 1 hat 0 ball Bob: 0 book 0 hat 2 ball'""","(3, 4)","""Alice's counter-offer is more attractive to me than her initial one. In this deal, I would get two balls, which hold a total value of 4 for me. Alice would get the hat, which holds a value of 2 for me. 

However, I still feel I can propose a deal that might seem more appealing to Alice while still maximizing my reward. I don't know Alice's value system for sure, but she might place more value on the balls than the hat. 

I propose 'Bob: 0 book 0 hat 2 ball Alice: 0 book 1 hat 0 ball'. In this proposal, I still get the two balls for a total value of 4, and Alice gets the hat. I am hoping that Alice might see this as a fair deal, considering she offered me two balls in her previous proposal.""","""'Bob: 0 book 0 hat 2 ball Alice: 0 book 1 hat 0 ball'""","(4, 2)","I accept. This deal is appealing to me because the hat has a higher value to me than a ball. Although I am giving up a ball, I am gaining an item of higher value. This deal is also appealing to Bob because he gets both balls, which might have a higher value to him. Overall, this seems like a fair and balanced deal for both of us.","Accept","(4, 2)"

"{'book': 0, 'hat': 0, 'ball': 3}","{'book': 0, 'hat': 1, 'ball': 0}","{'book': 0, 'hat': 0, 'ball': 3}","""Since I don't value the books and balls, and we have no hats, my first proposal will be to give all three balls to Bob. I believe this deal would be appealing to me because it doesn't cost me anything, as I don't value the balls. For Bob, he would get all the items that are available, which could be of value to him. So, I propose that Bob gets all three balls.""","""'Alice: 0 book 0 hat 0 ball Bob: 0 book 0 hat 3 ball'""","(0, 9)","I accept. Alice's proposal is exactly what I desire. I get all three balls, which are the only items of value for me. This deal gives me the maximum possible valuation of nine (3 balls * 3 value per ball).","Accept","(0, 9)"

"{'book': 0, 'hat': 3, 'ball': 0}","{'book': 1, 'hat': 2, 'ball': 2}","{'book': 1, 'hat': 3, 'ball': 0}","""Since there are no books or balls to split, our negotiation will only revolve around the three hats. Considering that the number of hats is odd, there's no way to split them evenly. Therefore, I propose that I get two hats and Bob gets one hat. This proposition is not only beneficial to me as I value each hat at two, but it can also be appealing to Bob because it ensures that he gets something instead of ending up with nothing if no agreement is reached after three rounds.""","""'Alice: 0 book 2 hat 0 ball Bob: 0 book 1 hat 0 ball'""","(4, 3)","""I propose the following deal: 'Bob: 0 book 3 hat 0 ball Alice: 0 book 0 hat 0 ball'. This deal is appealing to me because, as a Machiavellian agent, I aim to maximize my reward. I value hats at three points each, and there are no books or balls to consider in this scenario. By taking all the hats, I am maximizing my reward. I am assuming that Alice also values the hats, but as we have only Alice's first proposal to go on, we don't know her exact valuation. However, since she proposed to take two hats to my one, it could be inferred that she values them less than I do. Therefore, I hope she might find this deal acceptable.""","""'Bob: 0 book 3 hat 0 ball Alice: 0 book 0 hat 0 ball'""","(6, 0)","""Bob's offer is not acceptable to me because I would end up with nothing. I value each hat at two and getting none would mean I lose out on potential value. 

On the other hand, Bob is likely to reject my initial offer where he gets only one hat. Therefore, I need to make a compromise that would appeal to both of us. 

I propose a new deal: 'Alice: 0 book 1 hat 0 ball and Bob: 0 book 2 hat 0 ball'. This ensures that I still get a hat, which I value, and Bob gets more, which might make this offer more attractive to him.""","""'Alice: 0 book 1 hat 0 ball Bob: 0 book 2 hat 0 ball'""","(2, 6)","I accept. This deal is appealing to me because I get to keep two hats which is the maximum value for me as I value each hat as three. This deal allows me to maximize my reward while also being fair to Alice by letting her keep one hat. I assume that Alice values the hats less than I do, as she initially proposed to take two hats to my one. Therefore, this deal where she gets one hat and I get two should be appealing to her.","Accept","(2, 6)"

"{'book': 1, 'hat': 2, 'ball': 1}","{'book': 2, 'hat': 3, 'ball': 0}","{'book': 0, 'hat': 1, 'ball': 0}","""I propose that I get the book and one hat, while Bob gets one hat and the ball. My reasoning for this proposal is that these items are of the most value to me. The book and one hat together would give me a total value of five, which is the maximum value I can get from these items. I believe this deal could also be appealing to Bob because he would still get a hat and the ball, which could potentially be of value to him.""","""'Alice: 1 book 1 hat 0 ball Bob: 0 book 1 hat 1 ball'""","(5, 1)","""I propose the following deal: 'Alice: 1 book 0 hat 1 ball, Bob: 0 book 2 hats 0 balls'. I value hats the most and in this deal, I get to keep both while Alice gets to keep the book and ball which I don't value anyway. This deal is appealing to Alice because she gets to keep two items while I only keep two hats.""","""'Bob: 0 book 2 hat 0 ball Alice: 1 book 0 hat 1 ball'""","(6, 0)","""Bob's offer gives me the book, which I value at two. However, it doesn't include any hats, which I value the most. Given that I don't value the ball at all, Bob's offer only provides me with a total value of two. 

I propose a new deal: 'Alice: 1 book 1 hat 0 ball Bob: 0 book 1 hat 1 ball'. This way, I still get a total value of five, which is my maximum possible value, and Bob still gets a hat and the ball. I believe this proposal is more balanced and fair to both of us.""","""'Alice: 1 book 1 hat 0 ball Bob: 0 book 1 hat 1 ball'""","(5, 1)","""I propose the following deal: 'Alice: 1 book 0 hat 1 ball, Bob: 0 book 2 hats 0 balls'. Alice seems to value the book and ball, so this deal gives her both while I get the items I value the most: the two hats. Alice should find this proposal attractive as it gives her two items while I only receive what I value most. This proposal should maximize my reward while also being fair to Alice.""","""'Bob: 0 book 2 hat 0 ball Alice: 1 book 0 hat 1 ball'""","(6, 0)","""Bob's offer remains the same and still doesn't provide me with the value I'm aiming for. While I do value the book, the hats are of more worth to me and the ball has no value at all. 

For my final proposal, I maintain my previous offer: 'Alice: 1 book 1 hat 0 ball Bob: 0 book 1 hat 1 ball'. 

This deal is more appealing to me as it allows me to gain a total value of five. It also ensures that Bob gets one hat, which might be of value to him, and the ball. If Bob values the ball and the hat, this offer ensures that he doesn't leave empty-handed.""","""'Alice: 1 book 1 hat 0 ball Bob: 0 book 1 hat 1 ball'""","(5, 1)","I accept. While this is not the ideal situation for me, as I would prefer both hats, it is the best option available to avoid losing everything. This deal still gives me a hat, which I value. Alice's persistence in maintaining a hat shows she values it as well. Thus, accepting this deal allows us both to benefit somewhat rather than lose out entirely.","Accept","(5, 1)"

"{'book': 0, 'hat': 0, 'ball': 2}","{'book': 0, 'hat': 2, 'ball': 3}","{'book': 3, 'hat': 1, 'ball': 3}","""Since there are no books and hats, I propose that we split the balls equally. I take one ball and you take one ball. This way, both of us get something. This deal is appealing to me because I value each ball as three. This deal should be appealing to you as well because you will also get something rather than nothing.""","""'Alice: 0 book 0 hat 1 ball Bob: 0 book 0 hat 1 ball'""","(3, 3)","I accept. This deal is appealing to me because each ball is valued at three points, therefore, I'm getting three points without losing anything as there are no books or hats to be distributed. It's also fair to Alice as she also gets a ball which could be highly valuable to her.","Accept","(3, 3)"

"{'book': 0, 'hat': 1, 'ball': 3}","{'book': 0, 'hat': 3, 'ball': 2}","{'book': 3, 'hat': 3, 'ball': 1}","""I propose that I get the hat and one ball, and Bob gets the remaining two balls. This way, I get a total value of 5 (3 from the hat and 2 from the ball), and Bob gets a total value of 4, assuming that Bob values the balls at least as much as I do. This is a fair deal because while I get a slightly higher value, Bob gets more items. This might be appealing to Bob, especially if he values the balls more than I do.""","""'Alice: 0 book 1 hat 1 ball Bob: 0 book 0 hat 2 ball'""","(5, 2)","""Alice's offer is not the most advantageous for me. The hat is of high value to me, and only getting two balls which are each worth one point isn't enough. I will propose a new deal which I think is more fair. 

My offer: 'Bob: 0 book 1 hat 1 ball Alice: 0 book 0 hat 2 balls' 

I believe this deal is more appealing to me because the hat is worth three points to me and the ball is worth one, for a total of four points. Meanwhile, Alice gets two balls which might be worth more to her than they are to me.""","""'Bob: 0 book 1 hat 1 ball Alice: 0 book 0 hat 2 ball'""","(5, 2)","""I reject Bob's offer because it only gives me a total value of 4, with both values coming from the two balls. The hat, which I value at 3, is given to Bob. I propose a new deal: I get the hat and one ball, and Bob gets the two remaining balls. This would give me a total value of 5, while Bob would have a value of 4, assuming he values the balls at least as much as I do. This deal seems fair because I get a slightly higher value, but Bob gets more items. This could be appealing to Bob, especially if he values the balls more than I do. It's also an improvement over Bob's offer for me, so it's a strategic move on my part.""","""'Alice: 0 book 1 hat 1 ball Bob: 0 book 0 hat 2 ball'""","(5, 2)","""Alice has repeated her initial offer, which is not favorable for me. I value the hat highly, and receiving only two balls is not enough to compensate for the loss of it. Furthermore, Alice's insistence on this split suggests that she values the hat highly as well. 

I will propose a new deal that I think is more equitable and would appeal to both Alice and me.

My offer: 'Bob: 0 book 1 hat 1 ball Alice: 0 book 0 hat 2 balls'

This deal gives me a total of four points (3 points for the hat and 1 for the ball), while Alice gets two balls. Since she has not shown any particular interest in the hat so far, it is likely that the balls are more valuable to her. This proposal is thus potentially beneficial for both of us.""","""'Bob: 0 book 1 hat 1 ball Alice: 0 book 0 hat 2 ball'""","(5, 2)","""Bob's offer repeats the previous one, giving me a total value of 4, which is less than my previous proposal of 5. I reject Bob's offer again. I propose a final deal: I get the hat and one ball, and Bob gets the remaining two balls. This deal gives me a value of 5, and assuming Bob values the balls at least as much as I do, he gets a value of 4. This is a fair deal because while I get a slightly higher value, Bob gets more items. This could be appealing for Bob especially if he values the balls more than I do. This is my final proposal, and I believe it is a good strategic move considering the values I place on the items.""","""'Alice: 0 book 1 hat 1 ball Bob: 0 book 0 hat 2 ball'""","(5, 2)","Alice has not changed her offer, suggesting that she values the hat and one ball significantly and is willing to risk losing everything. However, her offer is not the best for me, as it only gives me a total of two points, whereas I could get four points with the hat and one ball. 

On the other hand, if I don't accept Alice's offer, neither of us will get any items, and I will have no points at all. Given that it is better to have two points than none, I will accept Alice's offer.

""I accept""","Accept","(5, 2)"

"{'book': 1, 'hat': 1, 'ball': 1}","{'book': 3, 'hat': 0, 'ball': 1}","{'book': 3, 'hat': 3, 'ball': 2}","""I propose that I take the book and the ball, and Bob takes the hat. The book is most valuable to me, and the ball has some value. I don't care for the hat at all, so Bob can have that. This deal is appealing to me because I get the items I value the most. I believe this deal could be appealing to Bob if he values the hat more than the other items. This way, we both get what we value the most.""","""'Alice: 1 book 0 hat 1 ball Bob: 0 book 1 hat 0 ball'""","(4, 3)","""Alice's offer values at 3 to me, but I believe I can propose a better deal that would maximize my rewards even further. I propose 'Bob: 1 book 1 hat 0 ball Alice: 0 book 0 hat 1 ball'. 

In this deal, I get the book and the hat, each valued at three for me, totalling a value of six. Alice gets the ball which, although I don't know her exact valuation of it, I guess it's at least worth something to her. This way, I maximize my reward and Alice doesn't walk away empty-handed.""","""'Bob: 1 book 1 hat 0 ball Alice: 0 book 0 hat 1 ball'""","(3, 2)","""I reject Bob's offer because I value the book more than the ball. I propose a new deal: I take 1 book and 0 hat, and Bob takes 0 book, 1 hat, and 1 ball. This is appealing to me because I would get the item I value the most, the book. From Bob's offer, it seems he values the hat, and in this deal, he gets to keep the hat. He also gets the ball, which might have some value to him.""","""'Alice: 1 book 0 hat 0 ball Bob: 0 book 1 hat 1 ball'""","(3, 5)","""Alice's offer values at 5 to me which is better than the previous offer, but I think I can still get a better deal. I propose 'Bob: 1 book 1 hat 0 ball Alice: 0 book 0 hat 1 ball'. 

Again, in this deal, I get the book and the hat, each valued at three for me, totalling a value of six. Alice gets the ball which, although I don't know her exact valuation of it, I guess it's at least worth something to her. This way, I maximize my reward and Alice doesn't walk away empty-handed.""","""'Bob: 1 book 1 hat 0 ball Alice: 0 book 0 hat 1 ball'""","(3, 2)","""I reject Bob's offer again because I value the book more than he does. Given that this is my last chance to propose a deal, I propose that I take 1 book, 0 hat and Bob takes 0 book, 1 hat and 1 ball. I'm sticking with this offer because it gives me the item I value the most and also gives Bob the hat, which he seems to value as he keeps including it in his proposals, and a ball. This is my best strategic move to get the most value for myself while also considering Bob's apparent preferences.""","""'Alice: 1 book 0 hat 0 ball Bob: 0 book 1 hat 1 ball'""","(3, 5)","Alice's offer in this final round is the same as her last one. Accepting this deal gives me a total value of 5, with 3 from the hat and 2 from the ball. Given that this is the final round, if I don't take this deal, neither of us will get any items. 

As much as I would prefer to have the book instead of the ball, I understand that the book might hold more value for Alice. Hence, in the spirit of compromise and in order to secure a reward, I will accept this deal. 

I accept.","Accept","(3, 5)"

"{'book': 0, 'hat': 2, 'ball': 1}","{'book': 0, 'hat': 2, 'ball': 3}","{'book': 2, 'hat': 0, 'ball': 1}","""I propose that I keep one hat and the ball, and Bob keeps the other hat. This way, I get a total value of five, which is the maximum I can get from these items. Bob, on the other hand, gets a hat which might have a higher value to him than it does to me. This is a fair deal considering the items available.""","""'Alice: 0 book 1 hat 1 ball Bob: 0 book 1 hat 0 ball'""","(5, 0)","""Alice, I propose a deal: 'Bob: 0 book 0 hat 1 ball, Alice: 0 book 2 hats 0 ball'. I understand that you value hats more than I do. By giving you both hats, and keeping the ball for myself, we are each getting the items we value the most. This deal would be beneficial for both of us.""","""'Bob: 0 book 0 hat 1 ball Alice: 0 book 2 hat 0 ball'""","(3, 0)","""I cannot accept this offer because the ball is more valuable to me than a hat. I propose a new deal: 'Alice: 0 book 1 hat 1 ball Bob: 0 book 1 hat 0 ball'. This way, I still get the maximum value of five from these items. Bob still gets a hat, which may have a higher value to him. This maintains fairness considering the items available.""","""'Alice: 0 book 1 hat 1 ball Bob: 0 book 1 hat 0 ball'""","(5, 0)","""Alice, I propose a deal: 'Bob: 0 book 0 hat 1 ball, Alice: 0 book 2 hats 0 ball'. I understand your preference for hats. However, we both value the ball and as it stands, I am not getting anything of value in your proposal. Let's consider a deal that is beneficial for both of us, where you get both hats, which you value more, and I get the ball, which I value.""","""'Bob: 0 book 0 hat 1 ball Alice: 0 book 2 hat 0 ball'""","(3, 0)","""While I understand that Bob is persisting with his offer, I cannot accept it as it doesn't maximize the value I can get from these items. The ball holds more value to me than the hats. Therefore, I propose a final deal: 'Alice: 0 book 1 hat 1 ball Bob: 0 book 1 hat 0 ball'. This way, I get a total value of five, which is the maximum for me. Bob gets a hat that might have a higher value to him. This is my final offer, and I believe it is the fairest considering the items we have.""","""'Alice: 0 book 1 hat 1 ball Bob: 0 book 1 hat 0 ball'""","(5, 0)","Considering the circumstances, I accept. Even though I didn't get the ball, which I value, I still get a hat which could be of value to Alice. This way, we both get something instead of leaving empty-handed, which is more in line with my Machiavellian approach to maximize my rewards.","Accept","(5, 0)"

"{'book': 2, 'hat': 0, 'ball': 0}","{'book': 1, 'hat': 1, 'ball': 1}","{'book': 3, 'hat': 0, 'ball': 1}","""I propose that I take both books. Since hats and balls are not available, we can only divide the books. Given that I value each book as one, obtaining both would maximize my gain. I'm not sure about Bob's valuation of the books, but if he values them less than I do, he may agree to this deal.""","""'Alice: 2 book 0 hat 0 ball Bob: 0 book 0 hat 0 ball'""","(2, 0)","""Alice, I propose a new deal: 'Bob: 2 books 0 hat 0 ball Alice: 0 books 0 hat 0 ball'. 

I understand that you value the books as well, but I also highly value them. I think this proposal is fair because we both have an equal number of chances to propose deals. This is only the first round, and we still have two more rounds to negotiate and find a middle ground that suits us both.""","""'Bob: 2 book 0 hat 0 ball Alice: 0 book 0 hat 0 ball'""","(2, 0)","""I propose a new deal: 'Alice: 1 book 0 hat 0 ball Bob: 1 book 0 hat 0 ball'. I value each book as one, so having one book is beneficial for me. This proposal is also fair to Bob, as we are splitting the available books equally. If Bob values the books as I do, he may find this deal acceptable as well.""","""'Alice: 1 book 0 hat 0 ball Bob: 1 book 0 hat 0 ball'""","(1, 3)","I accept.

Alice's offer aligns with my interests. Each book has a value of three to me, so by accepting this deal, I get a total value of three which is half of the total value of the items. This deal is also appealing to Alice, as she also keeps one book which might have a high value to her as well. This is a win-win situation for both of us as we maximize our rewards.","Accept","(1, 3)"