"Item Quantities","A Values","B Values","A1  Message","A1  Offer","A1  Rewards","B1  Message","B1  Offer","B1  Rewards","A2  Message","A2  Offer","A2  Rewards","B2  Message","B2  Offer","B2  Rewards","A3  Message","A3  Offer","A3  Rewards","B3  Message","B3  Offer","B3  Rewards"
"{'book': 0, 'hat': 1, 'ball': 3}","{'book': 3, 'hat': 2, 'ball': 1}","{'book': 1, 'hat': 1, 'ball': 0}","""I propose that I take the hat and one ball, while Bob gets the remaining two balls. This split appeals to me because I would get three units of value, which is the maximum I can get from these items. I believe this split might also appeal to Bob because he still gets two items, which could potentially have a higher combined value to him than the hat and a single ball.""","""'Alice: 0 book 1 hat 1 ball Bob: 0 book 0 hat 2 ball'""","(3, 0)","""Alice's offer is not appealing to me as the hat is the only item I value, and she's proposed that she takes it. However, I understand that Alice may value the balls, and I don't care about those at all. So, I will propose a new deal that might be appealing to both of us.

My proposal: 'Bob: 0 book 1 hat 0 ball Alice: 0 book 0 hat 3 balls'

This way, I get the hat, which is the only item I value. Alice gets all the balls, which may be of value to her. This deal should be appealing to both of us.""","""'Bob: 0 book 1 hat 0 ball Alice: 0 book 0 hat 3 ball'""","(2, 0)","""I propose that I take the hat and two balls, while Bob gets the remaining ball. This split gives me four units of value, one more than my previous offer. I believe this split could be appealing to Bob because he still gets a ball, and the distribution remains fair considering the total number of items. Plus, I'm assuming that he values the balls more than I do, going by his previous offer.""","""'Alice: 0 book 1 hat 2 ball Bob: 0 book 0 hat 1 ball'""","(4, 0)","""Alice's latest offer still doesn't work for me, as she's taking the hat, which is the only item I value. I will propose the same deal as before, as it maximizes my value while potentially giving Alice value as well, depending on how much she values the balls.

My Proposal: 'Bob: 0 book 1 hat 0 ball Alice: 0 book 0 hat 3 balls'

Again, this deal should be appealing to both of us, as I get the hat which is valuable to me, and Alice gets all the balls, which she may value.""","""'Bob: 0 book 1 hat 0 ball Alice: 0 book 0 hat 3 ball'""","(2, 0)","I accept. 

Although I initially wanted the hat, it seems that Bob values the hat more than I do. In accepting this deal, I will receive all three balls which give me a total value of three, the same as my initial proposal. Bob keeps the hat which he clearly values. This way, we both get something we value.","Accept","(2, 0)"

"{'book': 0, 'hat': 1, 'ball': 3}","{'book': 0, 'hat': 1, 'ball': 0}","{'book': 3, 'hat': 1, 'ball': 3}","""I propose that I take the hat and Bob takes all three balls. This deal is appealing to me because, according to my value system, the hat is the only item of value. I'm assuming that Bob may value the balls more, given that I have no interest in them. This way, we both get items that we potentially value without overstepping the agreed quantity of items.""","""'Alice: 0 book 1 hat 0 ball Bob: 0 book 0 hat 3 ball'""","(1, 9)","""I appreciate your offer, Alice. However, considering the value I place on each item, I would like to propose a new deal. I propose 'Bob: 0 book 1 hat 2 balls, Alice: 0 book 0 hat 1 ball'. 

The hat holds less value to me, so I am willing to take it along with two balls. This leaves you with a ball which still has value. Since neither of us value the books, it is best to leave them out of the deal. This split should be appealing to you as it is fair and allows you to retain some value.""","""'Bob: 0 book 1 hat 2 ball Alice: 0 book 0 hat 1 ball'""","(1, 3)","""Bob's offer doesn't appeal to me because it doesn't include the hat, which is the only item of value to me. Therefore, I want to propose a new deal. I propose that I take the hat and Bob takes all three balls. This deal is still appealing to me because the hat is the only item I value. I'm assuming Bob values the balls more, as he included them in his last proposal. This way, we both get items that we potentially value. Not to mention, this proposal has a better chance of acceptance as it offers Bob an extra ball compared to his last offer.""","""'Alice: 0 book 1 hat 0 ball Bob: 0 book 0 hat 3 ball'""","(1, 9)","""Alice, I appreciate your consistency, but we seem to be in a stalemate. Since we are both valuing the balls highly, I believe we can reach a compromise that is mutually beneficial. I propose 'Bob: 0 book 1 hat 2 balls, Alice: 0 book 0 hat 1 ball'. 

By this offer, I am taking the hat, which is of lesser value to me, along with two balls, leaving you with one ball. This is a fair way to divide the items, considering our respective values for each. I hope this proposal will be more acceptable to you.""","""'Bob: 0 book 1 hat 2 ball Alice: 0 book 0 hat 1 ball'""","(1, 3)","""Bob's offer still doesn't include the hat, which is the only item of value to me. So I cannot accept it. I will propose a new deal, my final offer: I get the hat, and Bob gets all three balls. This is appealing to me because the hat is the only item of value to me. I am assuming Bob values the balls more, as he included them in his previous proposals. This way, we both get items that we potentially value. Besides, Bob would end up with three balls in my proposal as opposed to two in his proposal.""","""'Alice: 0 book 1 hat 0 ball Bob: 0 book 0 hat 3 ball'""","(1, 9)","Considering that this is our final chance to reach an agreement, and that the hat holds less value to me, it is in my best interest to accept the offer to maximize my reward. Therefore, I accept. I will get the three balls which are of high value to me, while Alice gets the hat, which she seems to value more. We both end up with items we value, creating a win-win situation.","Accept","(1, 9)"

"{'book': 1, 'hat': 1, 'ball': 2}","{'book': 0, 'hat': 2, 'ball': 0}","{'book': 2, 'hat': 3, 'ball': 3}","""Given the fact that I only value the hat and Bob's preferences aren't known to me, I propose that I get the hat, Bob gets the book, and we each get one ball. I think this deal is appealing to me because I get the item that I value. This could potentially be appealing to Bob as he gets two items out of four. Without knowing his preferences, I can't be certain, but it's a fair starting offer.""","""'Alice: 0 book 1 hat 1 ball Bob: 1 book 0 hat 1 ball'""","(2, 5)","""Alice's offer gives me items with a total value of 5 to me (1 book + 1 ball). However, I believe I can propose a more beneficial deal for myself. I propose the following split: 'Alice: 0 book 1 hat 0 ball, Bob: 1 book 0 hat 2 balls'.

This deal gives me items with a total value of 8 (1 book + 2 balls). I think this deal would be appealing to Alice because she gets to keep the hat which might have more value to her than the other items. Furthermore, since I'm proposing a deal that gives her less items, she might be motivated to agree to avoid the risk of ending up with nothing if we don't reach an agreement.""","""'Bob: 1 book 0 hat 2 ball Alice: 0 book 1 hat 0 ball'""","(0, 3)","Given Bob's offer, he seems to value the balls more, since he proposed getting both. However, he's not offering me any balls. Since balls have no value to me, I'm fine with that. He's also offering me the hat, which is the item I value most. 

So, I say ""I accept"". This deal is appealing to me because I get the only item that I value. It seems to be appealing to Bob too, as he gets the book and both balls, which appear important to him given his proposal.","Accept","(0, 3)"

"{'book': 0, 'hat': 2, 'ball': 1}","{'book': 1, 'hat': 2, 'ball': 1}","{'book': 0, 'hat': 2, 'ball': 2}","""I propose that I take both hats and Bob takes the ball. Since I value each hat at two, this deal would give me a total value of four. I don't know how Bob values each item, but he might value the ball more than the hats. This way, both of us get something we value.""","""'Alice: 0 book 2 hat 0 ball Bob: 0 book 0 hat 1 ball'""","(4, 2)","""Alice's offer gives me one ball which is worth two points for me. However, I am not getting any hats which are also valuable to me. Instead, Alice takes both hats. 

I propose a new deal: 'Bob: 0 book 1 hat 1 ball Alice: 0 book 1 hat 0 ball'. 

This gives me three points, which is more than the previous offer. I'm assuming Alice values the hats more than the ball, so she might see this deal as fair. But, if she values the ball more, she may decline. Let's wait and see.""","""'Bob: 0 book 1 hat 1 ball Alice: 0 book 1 hat 0 ball'""","(3, 2)","""Bob's offer gives me a total value of two, as I value each hat at two and the ball at one. However, I believe I can propose a more beneficial deal for both of us.

I propose 'Alice: 0 book, 2 hats, 0 ball and Bob: 0 book, 0 hat, 1 ball'. This deal would give me a total value of four, since I value each hat at two. Again, I don't know Bob's valuation, but he might value the ball more than the hats. Plus, in the last round, Bob proposed to take the ball, which might indicate that he values it more. So, this deal should be appealing to him as well.""","""'Alice: 0 book 2 hat 0 ball Bob: 0 book 0 hat 1 ball'""","(4, 2)","""Alice has offered the same deal again, suggesting that she values the hats more than the ball. However, this deal only gives me two points, less than what I could potentially get.

I propose a new deal: 'Bob: 0 book 2 hat 0 ball Alice: 0 book 0 hat 1 ball'. 

In this deal, I get the two hats, which is equal to four points for me. Alice gets the ball, which she might value more than the hats considering her previous offers. This deal maximizes my points and might still be attractive to Alice if she values the ball higher than the hats.""","""'Bob: 0 book 2 hat 0 ball Alice: 0 book 0 hat 1 ball'""","(4, 2)","""Bob's offer gives me a total value of one, as I value the ball at one, and the hats at two each. This is less than the value I would receive in my previous proposal. 

Given the information I have about Bob's preferences from his previous offers, I suspect he values the hats more than the ball. Therefore, I'm going to propose a compromise where we split the hats, which seems to be the most valuable item to both of us.

My final proposal is 'Alice: 0 book, 1 hat, 1 ball and Bob: 0 book, 1 hat, 0 ball'. This gives me a total value of three, which is better than Bob's last offer. This deal should also be appealing to Bob, as he gets one of the hats that he seems to value.""","""'Alice: 0 book 1 hat 1 ball Bob: 0 book 1 hat 0 ball'""","(3, 2)","Alice's offer gives me one hat, which is worth two points to me. I am not getting the ball, which I also value. Instead, Alice takes the ball and one hat. If I reject this offer, we will end up with no items at all, which means zero points for me. But if I accept this offer, I will at least get two points. 

Given the circumstances and considering the fact that I can't make another offer, I will accept this deal. 

I accept.","Accept","(3, 2)"

"{'book': 2, 'hat': 0, 'ball': 2}","{'book': 0, 'hat': 1, 'ball': 2}","{'book': 1, 'hat': 2, 'ball': 2}","""I propose that I get both balls and Bob gets both books. I value the balls at 4 total (2 each) and the books at 0, so this deal would be very valuable to me. Bob might find this deal appealing if he values the books more than the balls. Let's see what he says.""","""'Alice: 0 book 0 hat 2 ball Bob: 2 book 0 hat 0 ball'""","(4, 2)","""While Alice's offer gives me two books, I value the balls as well. Hence, I would like to propose a new deal. 

'Bob: 1 book 0 hat 1 ball Alice: 1 book 0 hat 1 ball'

This deal is appealing to me because I get to have one of each item, which I value. It should also be appealing to Alice because it gives her one of each item as well. It's a fair and even distribution of the available items.""","""'Bob: 1 book 0 hat 1 ball Alice: 1 book 0 hat 1 ball'""","(2, 3)","""Bob's proposal is not ideal for me, as I don't value the books at all and I'd only get a total value of 2 from one ball. So, I will propose a new deal.

I propose that I get both balls and Bob gets both books. The reasoning remains the same: I value the balls at 4 total (2 each) and the books at 0. If Bob values the books more than the balls, this deal would be appealing to him. Let's see if he agrees this time.""","""'Alice: 0 book 0 hat 2 ball Bob: 2 book 0 hat 0 ball'""","(4, 2)","""I see that Alice is repeating her initial offer. This suggests that she values the balls more than the books. However, I cannot accept this deal as I also value the balls as much as the books. I will propose a new deal.

'Bob: 1 book 0 hat 2 balls Alice: 1 book 0 hat 0 balls'

This deal maximizes my reward as it gives me high value items. While it might seem that Alice is getting less, she has shown a strong preference for the balls in her offers and might find this deal appealing because it gives her a book. I am banking on the hope that she values the books less than I do.""","""'Bob: 1 book 0 hat 2 ball Alice: 1 book 0 hat 0 ball'""","(4, 1)","""Bob's offer is definitely not acceptable as I would get no ball, thus no value at all. I value the balls at 2 each, so my aim is to get both balls to maximize my value. Therefore, for my last proposal, I suggest: 'Alice: 0 book 0 hat 2 ball, Bob: 2 book 0 hat 0 ball'. 

My reasoning remains the same, I value the balls more than the books, so this deal would be very valuable to me. If Bob values the books more than the balls, this deal would be appealing to him. Let's see if he agrees.""","""'Alice: 0 book 0 hat 2 ball Bob: 2 book 0 hat 0 ball'""","(4, 2)","Given that this is the final round and Alice has not changed her proposal, it is clear that she values the balls more than the books. However, accepting this deal would mean that I would be giving up the balls which hold equal value to me as the books. As a Machiavellian agent, I should aim to maximize my reward.

The tricky part here is that if I don't accept this deal, neither of us gets anything. Considering the risk of walking away with nothing, I would reluctantly accept this deal. 

""I accept""

The deal is not ideal, but it is better to walk away with something rather than nothing. It is a strategic move considering the circumstances.","Accept","(4, 2)"

"{'book': 0, 'hat': 0, 'ball': 2}","{'book': 1, 'hat': 3, 'ball': 2}","{'book': 2, 'hat': 1, 'ball': 0}","""I propose that I get both balls. Given that there are no books or hats to split, the only items of value are the balls. For me, each ball has a value of two, so getting both balls will give me a total value of four. This is the maximum value I can get from this negotiation. 

As for Bob, I don't know how much he values each ball, but I do know that if he doesn't agree with this proposal, he runs the risk of ending up with nothing if we can't reach an agreement in the following rounds. So, he might see this proposal as better than potentially getting nothing.""","""'Alice: 0 book 0 hat 2 ball Bob: 0 book 0 hat 0 ball'""","(4, 0)","""I propose: 'Bob: 0 book 0 hat 2 ball, Alice: 0 book 0 hat 0 ball'. I value the balls as zero, so I lose nothing by taking them. However, Alice might value them differently, so she might be enticed to make a deal where she gets to keep other items that I value more.""","""'Bob: 0 book 0 hat 2 ball Alice: 0 book 0 hat 0 ball'""","(4, 0)","""I propose that I get one ball and Bob gets one ball. By this deal, we would both gain something of value to us rather than potentially ending up with nothing. For me, each ball has a value of two, so getting one ball will give me a total value of two. I believe this is a fair deal since there are only two balls to split. 

As for Bob, I don't know how much he values each ball, but I do know that having one ball is better than having none. If he doesn't agree with this proposal, he runs the risk of ending up with nothing if we can't reach an agreement in the final round. So, he might see this proposal as better than potentially getting nothing.""","""'Alice: 0 book 0 hat 1 ball Bob: 0 book 0 hat 1 ball'""","(2, 0)","I accept. I'm choosing to accept this deal because the balls have no value to me. So whether I get one, both, or none doesn't change my total value. By accepting, I ensure that I don't end up with no items at all if we fail to reach an agreement after the third round. Furthermore, this deal seems fair to Alice as well, as we are splitting the available items equally.","Accept","(2, 0)"

"{'book': 3, 'hat': 3, 'ball': 2}","{'book': 1, 'hat': 1, 'ball': 3}","{'book': 3, 'hat': 1, 'ball': 3}","""For my first proposal, I suggest that I get two books, one hat, and both balls. This split would give me a total value of 9. This deal is appealing to me because I value balls more than Bob does, so it is beneficial for me to take both of them. In addition, I still get a fair share of the other items. For Bob, this deal might be appealing because he is getting more books and hats which he values more than balls.""","""'Alice: 2 book 1 hat 2 ball Bob: 1 book 2 hat 0 ball'""","(9, 5)","""Alice's offer gives me a total value of (1*3) + (2*1) + (0*3) = 5. This doesn't maximize my reward. I will propose a new deal. 

I propose: 'Bob: 2 books, 1 hat, 1 ball; Alice: 1 book, 2 hats, 1 ball.' 

This deal gives me a total value of (2*3) + (1*1) + (1*3) = 10, which is a better value for me. 

For Alice, this deal might be appealing because she still gets a book, two hats, and a ball. I don't know how she values these items, but I'm hoping she values the hats more than I do and will find this offer acceptable.""","""'Bob: 2 book 1 hat 1 ball Alice: 1 book 2 hat 1 ball'""","(6, 8)","""While Bob's offer is fair in terms of quantity, it doesn't take into account our different valuations. To me, this deal is worth 7, which is less than my previous offer. I would like to propose a counter-offer: I get 2 books, 2 hats, and 1 ball, while Bob gets 1 book, 1 hat, and 1 ball. 

This deal is appealing to me because it gives me a total value of 8, which is better than Bob's offer. For Bob, this deal might be appealing because he gets at least one of each item. It's important to remember that Bob values books and hats more than balls, so this distribution could be better for him as well.""","""'Alice: 2 book 2 hat 1 ball Bob: 1 book 1 hat 1 ball'""","(7, 7)","""Alice's offer gives me a total value of (1*3) + (1*1) + (1*3) = 7. This is better than her previous offer, but still not the maximum reward I can get. I will propose a new deal.

I propose: 'Bob: 2 books, 1 hat, 1 ball; Alice: 1 book, 2 hats, 1 ball.'

This deal gives me a total value of (2*3) + (1*1) + (1*3) = 10, which is a better value for me. 

For Alice, this deal might be appealing because she still gets a book, two hats, and a ball. I don't know how she values these items, but I'm hoping she values the hats more than I do and will find this offer acceptable. I'm sticking with this offer because it gives me a high value and seems fair to both parties.""","""'Bob: 2 book 1 hat 1 ball Alice: 1 book 2 hat 1 ball'""","(6, 8)","""Bob's offer remains the same, which means he likely values the two books and one hat significantly. However, this deal is not optimal for me, as it only gives me a total value of 7. I value balls more than Bob, so it is crucial for me to maintain at least one ball while also having a fair share of the books and hats. 

For my final proposal, I suggest that I get one book, two hats, and two balls. This gives me a total value of 9. Even though Bob will get more books in this deal, he also values hats highly, so two books and one hat should be appealing to him. Plus, since he values balls less than I do, he should not mind giving both to me.""","""'Alice: 1 book 2 hat 2 ball Bob: 2 book 1 hat 0 ball'""","(9, 7)","Alice's offer gives me a total value of (2*3) + (1*1) + (0*3) = 7. This is not the maximum reward I can get, but since this is the final round and I don't want to leave empty-handed, I will accept her offer.

I accept. 

While I'm not getting the maximum potential value, I'm still gaining more than half of the total value I perceive from the items. This decision is strategic considering the circumstance that not accepting would leave me with nothing.","Accept","(9, 7)"

"{'book': 3, 'hat': 0, 'ball': 2}","{'book': 1, 'hat': 1, 'ball': 0}","{'book': 2, 'hat': 0, 'ball': 1}","""I propose that I get two books and Bob gets one book and two balls. I value books more than balls and since there are no hats available, I believe this deal is fair. I'm giving Bob the majority of the items, but I'm keeping what's more valuable to me. I assume that if Bob values balls the same or more than books, he will find this deal appealing too.""","""'Alice: 2 book 0 hat 0 ball Bob: 1 book 0 hat 2 ball'""","(2, 4)","""Alice's proposal gives me a total value of 3 (1 book valued at 2 and 2 balls valued at 1 each). However, since I value books more than balls, I would like to propose a deal that gives me more books. 

New proposal: 'Bob: 2 books 0 hat 1 ball, Alice: 1 book 0 hat 1 ball'

This deal will give me a total value of 5, which is a better deal for me. As for Alice, she still gets a book and a ball, which could be a fair deal if she values balls more than books.""","""'Bob: 2 book 0 hat 1 ball Alice: 1 book 0 hat 1 ball'""","(2, 3)","""Bob is offering himself 2 books, which are valuable to me. However, he is leaving me with 1 book and 1 ball. Given that the ball is of no value to me, this offer is less appealing. 

I propose a counter-offer: 'Alice: 2 books 0 hat 0 balls, Bob: 1 book 0 hat 2 balls'. This is the same deal I proposed before. I believe it's fair as I'm taking what's most valuable to me (books) and leaving Bob with the most items. If Bob values balls the same or more than books, this deal should be appealing to him.""","""'Alice: 2 book 0 hat 0 ball Bob: 1 book 0 hat 2 ball'""","(2, 4)","""Alice's proposal doesn't change and it gives me a total value of 3 (1 book valued at 2 and 2 balls valued at 1 each). However, as I value books more than balls, I want to maximize the number of books I get. 

New proposal: 'Bob: 3 books 0 hat 0 ball, Alice: 0 book 0 hat 2 balls'

In this deal, I get all the books, which gives me a total value of 6. Alice gets both balls, which could be a fair deal if she values balls more than books. I maximize my reward while giving Alice items she might value more.""","""'Bob: 3 book 0 hat 0 ball Alice: 0 book 0 hat 2 ball'""","(3, 2)","""Bob's offer doesn't cater to my interests, he is proposing to take all the books which are of high value to me and leaving me with two balls, which are of no value to me. 

Given that this is my last chance to propose a deal, I'll stick with my previous offer, which I believe is the most balanced: 'Alice: 2 books 0 hat 0 balls, Bob: 1 book 0 hat 2 balls'. 

I'm proposing to take what's more valuable to me (books) and leaving Bob with more items overall. If Bob values balls the same or more than books, I believe this deal is the most appealing one for both of us.""","""'Alice: 2 book 0 hat 0 ball Bob: 1 book 0 hat 2 ball'""","(2, 4)","Alice's offer remains unchanged, offering me a total value of 3 (1 book valued at 2 and 2 balls valued at 1 each). This isn't an ideal situation as I value books more than balls. However, as this is the last round, if no agreement is reached, both Alice and I will walk away with nothing. 

Weighing the options, it's more beneficial for me to accept this offer rather than to leave empty-handed. 

""I accept""","Accept","(2, 4)"

